id,dataset_id,dataset_version,edition,series_id,scope,geography,ecosystem,taxon,metric,unit,baseline_year,start_year,end_year,value,uncertainty_kind,lower,upper,uncertainty_level,uncertainty_gap,missing_reason,source_date,accessed_date,research_verified_on,original_unit,original_value,original_uncertainty_json,license_id,license_url,attribution,research_export_sha256,provenance_json
lpi-2026-africa-1970-2022,lpi-2026-endpoints,WWF-UK release 2026-10-08; rounded endpoint summary,LPR 2026,lpi-2026-africa,region,Africa,All,Monitored vertebrates,index-percent-change,percent,1970,1970,2022,-80,,,,,No bounds supplied in source,,2026-10-08,2026-10-08,2026-10-08,percent,-80,,CC-BY-SA-4.0,https://creativecommons.org/licenses/by-sa/4.0/,"ZSL/WWF, Living Planet Index; source edition and retrieval date; Our World in Data processing where applicable.",36b87bf96cf579f6bcf5e9b97157573e897de62e65c7829bb9b3b460017d670c,"[{""datasetId"":""lpi-2026-endpoints"",""datasetVersion"":""WWF-UK release 2026-10-08; rounded endpoint summary"",""sourceId"":""wwf-lpr-2026"",""sourceUrl"":""https://www.wwf.org.uk/press-release/living-planet-report-2026"",""sourceDate"":""2026-10-08"",""sourceEdition"":""LPR 2026"",""accessedDate"":""2026-10-08"",""inputPath"":""data/raw/observations.csv"",""inputSha256"":""46f1d9c5c74c3384191c5d0a056f651a95bb6eb620c0389782582fd377b4dfb4"",""rowNumber"":3,""jsonPointer"":null,""locator"":""Notes to editors: regional and ecosystem results"",""originalUnit"":""percent"",""originalValue"":""-80"",""originalUncertainty"":null,""rawRecord"":{""ecosystem"":""All"",""edition"":""LPR 2026"",""geography"":""Africa"",""id"":""lpi-2026-africa"",""lastVerified"":""2026-10-08"",""measure"":""index-percent-change"",""method"":""Published rounded endpoint change; not an annual observation or animal count."",""period"":""{\""startYear\"": 1970, \""endYear\"": 2022}"",""redistribution"":""review-required"",""seriesId"":""lpi-2026-africa"",""sourceIds"":""[\""wwf-lpr-2026\""]"",""sourceLocator"":""Notes to editors: regional and ecosystem results"",""taxon"":""Monitored vertebrates"",""uncertainty"":""null"",""unit"":""percent"",""value"":""-80""},""transformations"":[""Whitespace/NFC normalization; original row retained""]}]"
lpi-2026-asia-pacific-1970-2022,lpi-2026-endpoints,WWF-UK release 2026-10-08; rounded endpoint summary,LPR 2026,lpi-2026-asia-pacific,region,Asia–Pacific,All,Monitored vertebrates,index-percent-change,percent,1970,1970,2022,-49,,,,,No bounds supplied in source,,2026-10-08,2026-10-08,2026-10-08,percent,-49,,CC-BY-SA-4.0,https://creativecommons.org/licenses/by-sa/4.0/,"ZSL/WWF, Living Planet Index; source edition and retrieval date; Our World in Data processing where applicable.",36b87bf96cf579f6bcf5e9b97157573e897de62e65c7829bb9b3b460017d670c,"[{""datasetId"":""lpi-2026-endpoints"",""datasetVersion"":""WWF-UK release 2026-10-08; rounded endpoint summary"",""sourceId"":""wwf-lpr-2026"",""sourceUrl"":""https://www.wwf.org.uk/press-release/living-planet-report-2026"",""sourceDate"":""2026-10-08"",""sourceEdition"":""LPR 2026"",""accessedDate"":""2026-10-08"",""inputPath"":""data/raw/observations.csv"",""inputSha256"":""46f1d9c5c74c3384191c5d0a056f651a95bb6eb620c0389782582fd377b4dfb4"",""rowNumber"":4,""jsonPointer"":null,""locator"":""Notes to editors: regional and ecosystem results"",""originalUnit"":""percent"",""originalValue"":""-49"",""originalUncertainty"":null,""rawRecord"":{""ecosystem"":""All"",""edition"":""LPR 2026"",""geography"":""Asia–Pacific"",""id"":""lpi-2026-asia-pacific"",""lastVerified"":""2026-10-08"",""measure"":""index-percent-change"",""method"":""Published rounded endpoint change; not an annual observation or animal count."",""period"":""{\""startYear\"": 1970, \""endYear\"": 2022}"",""redistribution"":""review-required"",""seriesId"":""lpi-2026-asia-pacific"",""sourceIds"":""[\""wwf-lpr-2026\""]"",""sourceLocator"":""Notes to editors: regional and ecosystem results"",""taxon"":""Monitored vertebrates"",""uncertainty"":""null"",""unit"":""percent"",""value"":""-49""},""transformations"":[""Whitespace/NFC normalization; original row retained""]}]"
lpi-2026-europe-central-asia-1970-2022,lpi-2026-endpoints,WWF-UK release 2026-10-08; rounded endpoint summary,LPR 2026,lpi-2026-europe-central-asia,region,Europe and Central Asia,All,Monitored vertebrates,index-percent-change,percent,1970,1970,2022,-23,,,,,No bounds supplied in source,,2026-10-08,2026-10-08,2026-10-08,percent,-23,,CC-BY-SA-4.0,https://creativecommons.org/licenses/by-sa/4.0/,"ZSL/WWF, Living Planet Index; source edition and retrieval date; Our World in Data processing where applicable.",36b87bf96cf579f6bcf5e9b97157573e897de62e65c7829bb9b3b460017d670c,"[{""datasetId"":""lpi-2026-endpoints"",""datasetVersion"":""WWF-UK release 2026-10-08; rounded endpoint summary"",""sourceId"":""wwf-lpr-2026"",""sourceUrl"":""https://www.wwf.org.uk/press-release/living-planet-report-2026"",""sourceDate"":""2026-10-08"",""sourceEdition"":""LPR 2026"",""accessedDate"":""2026-10-08"",""inputPath"":""data/raw/observations.csv"",""inputSha256"":""46f1d9c5c74c3384191c5d0a056f651a95bb6eb620c0389782582fd377b4dfb4"",""rowNumber"":6,""jsonPointer"":null,""locator"":""Notes to editors: regional and ecosystem results"",""originalUnit"":""percent"",""originalValue"":""-23"",""originalUncertainty"":null,""rawRecord"":{""ecosystem"":""All"",""edition"":""LPR 2026"",""geography"":""Europe and Central Asia"",""id"":""lpi-2026-europe-central-asia"",""lastVerified"":""2026-10-08"",""measure"":""index-percent-change"",""method"":""Published rounded endpoint change; not an annual observation or animal count."",""period"":""{\""startYear\"": 1970, \""endYear\"": 2022}"",""redistribution"":""review-required"",""seriesId"":""lpi-2026-europe-central-asia"",""sourceIds"":""[\""wwf-lpr-2026\""]"",""sourceLocator"":""Notes to editors: regional and ecosystem results"",""taxon"":""Monitored vertebrates"",""uncertainty"":""null"",""unit"":""percent"",""value"":""-23""},""transformations"":[""Whitespace/NFC normalization; original row retained""]}]"
lpi-2026-freshwater-1970-2022,lpi-2026-endpoints,WWF-UK release 2026-10-08; rounded endpoint summary,LPR 2026,lpi-2026-freshwater,ecosystem,Global,Freshwater,Monitored vertebrates,index-percent-change,percent,1970,1970,2022,-85,,,,,No bounds supplied in source,,2026-10-08,2026-10-08,2026-10-08,percent,-85,,CC-BY-SA-4.0,https://creativecommons.org/licenses/by-sa/4.0/,"ZSL/WWF, Living Planet Index; source edition and retrieval date; Our World in Data processing where applicable.",36b87bf96cf579f6bcf5e9b97157573e897de62e65c7829bb9b3b460017d670c,"[{""datasetId"":""lpi-2026-endpoints"",""datasetVersion"":""WWF-UK release 2026-10-08; rounded endpoint summary"",""sourceId"":""wwf-lpr-2026"",""sourceUrl"":""https://www.wwf.org.uk/press-release/living-planet-report-2026"",""sourceDate"":""2026-10-08"",""sourceEdition"":""LPR 2026"",""accessedDate"":""2026-10-08"",""inputPath"":""data/raw/observations.csv"",""inputSha256"":""46f1d9c5c74c3384191c5d0a056f651a95bb6eb620c0389782582fd377b4dfb4"",""rowNumber"":7,""jsonPointer"":null,""locator"":""Notes to editors: regional and ecosystem results"",""originalUnit"":""percent"",""originalValue"":""-85"",""originalUncertainty"":null,""rawRecord"":{""ecosystem"":""Freshwater"",""edition"":""LPR 2026"",""geography"":""Global"",""id"":""lpi-2026-freshwater"",""lastVerified"":""2026-10-08"",""measure"":""index-percent-change"",""method"":""Published rounded endpoint change; not an annual observation or animal count."",""period"":""{\""startYear\"": 1970, \""endYear\"": 2022}"",""redistribution"":""review-required"",""seriesId"":""lpi-2026-freshwater"",""sourceIds"":""[\""wwf-lpr-2026\""]"",""sourceLocator"":""Notes to editors: regional and ecosystem results"",""taxon"":""Monitored vertebrates"",""uncertainty"":""null"",""unit"":""percent"",""value"":""-85""},""transformations"":[""Whitespace/NFC normalization; original row retained""]}]"
lpi-2026-global-1970-2022,lpi-2026-endpoints,WWF-UK release 2026-10-08; rounded endpoint summary,LPR 2026,lpi-2026-global,global,Global,All,Monitored vertebrates,index-percent-change,percent,1970,1970,2022,-73,,,,,No bounds supplied in source,,2026-10-08,2026-10-08,2026-10-08,percent,-73,,CC-BY-SA-4.0,https://creativecommons.org/licenses/by-sa/4.0/,"ZSL/WWF, Living Planet Index; source edition and retrieval date; Our World in Data processing where applicable.",36b87bf96cf579f6bcf5e9b97157573e897de62e65c7829bb9b3b460017d670c,"[{""datasetId"":""lpi-2026-endpoints"",""datasetVersion"":""WWF-UK release 2026-10-08; rounded endpoint summary"",""sourceId"":""wwf-lpr-2026"",""sourceUrl"":""https://www.wwf.org.uk/press-release/living-planet-report-2026"",""sourceDate"":""2026-10-08"",""sourceEdition"":""LPR 2026"",""accessedDate"":""2026-10-08"",""inputPath"":""data/raw/observations.csv"",""inputSha256"":""46f1d9c5c74c3384191c5d0a056f651a95bb6eb620c0389782582fd377b4dfb4"",""rowNumber"":1,""jsonPointer"":null,""locator"":""Notes to editors: regional and ecosystem results"",""originalUnit"":""percent"",""originalValue"":""-73"",""originalUncertainty"":null,""rawRecord"":{""ecosystem"":""All"",""edition"":""LPR 2026"",""geography"":""Global"",""id"":""lpi-2026-global"",""lastVerified"":""2026-10-08"",""measure"":""index-percent-change"",""method"":""Published rounded endpoint change; not an annual observation or animal count."",""period"":""{\""startYear\"": 1970, \""endYear\"": 2022}"",""redistribution"":""review-required"",""seriesId"":""lpi-2026-global"",""sourceIds"":""[\""wwf-lpr-2026\""]"",""sourceLocator"":""Notes to editors: regional and ecosystem results"",""taxon"":""Monitored vertebrates"",""uncertainty"":""null"",""unit"":""percent"",""value"":""-73""},""transformations"":[""Whitespace/NFC normalization; original row retained""]}]"
lpi-2026-latin-america-caribbean-1970-2022,lpi-2026-endpoints,WWF-UK release 2026-10-08; rounded endpoint summary,LPR 2026,lpi-2026-latin-america-caribbean,region,Latin America and Caribbean,All,Monitored vertebrates,index-percent-change,percent,1970,1970,2022,-95,,,,,No bounds supplied in source,,2026-10-08,2026-10-08,2026-10-08,percent,-95,,CC-BY-SA-4.0,https://creativecommons.org/licenses/by-sa/4.0/,"ZSL/WWF, Living Planet Index; source edition and retrieval date; Our World in Data processing where applicable.",36b87bf96cf579f6bcf5e9b97157573e897de62e65c7829bb9b3b460017d670c,"[{""datasetId"":""lpi-2026-endpoints"",""datasetVersion"":""WWF-UK release 2026-10-08; rounded endpoint summary"",""sourceId"":""wwf-lpr-2026"",""sourceUrl"":""https://www.wwf.org.uk/press-release/living-planet-report-2026"",""sourceDate"":""2026-10-08"",""sourceEdition"":""LPR 2026"",""accessedDate"":""2026-10-08"",""inputPath"":""data/raw/observations.csv"",""inputSha256"":""46f1d9c5c74c3384191c5d0a056f651a95bb6eb620c0389782582fd377b4dfb4"",""rowNumber"":2,""jsonPointer"":null,""locator"":""Notes to editors: regional and ecosystem results"",""originalUnit"":""percent"",""originalValue"":""-95"",""originalUncertainty"":null,""rawRecord"":{""ecosystem"":""All"",""edition"":""LPR 2026"",""geography"":""Latin America and Caribbean"",""id"":""lpi-2026-latin-america-caribbean"",""lastVerified"":""2026-10-08"",""measure"":""index-percent-change"",""method"":""Published rounded endpoint change; not an annual observation or animal count."",""period"":""{\""startYear\"": 1970, \""endYear\"": 2022}"",""redistribution"":""review-required"",""seriesId"":""lpi-2026-latin-america-caribbean"",""sourceIds"":""[\""wwf-lpr-2026\""]"",""sourceLocator"":""Notes to editors: regional and ecosystem results"",""taxon"":""Monitored vertebrates"",""uncertainty"":""null"",""unit"":""percent"",""value"":""-95""},""transformations"":[""Whitespace/NFC normalization; original row retained""]}]"
lpi-2026-marine-1970-2022,lpi-2026-endpoints,WWF-UK release 2026-10-08; rounded endpoint summary,LPR 2026,lpi-2026-marine,ecosystem,Global,Marine,Monitored vertebrates,index-percent-change,percent,1970,1970,2022,-59,,,,,No bounds supplied in source,,2026-10-08,2026-10-08,2026-10-08,percent,-59,,CC-BY-SA-4.0,https://creativecommons.org/licenses/by-sa/4.0/,"ZSL/WWF, Living Planet Index; source edition and retrieval date; Our World in Data processing where applicable.",36b87bf96cf579f6bcf5e9b97157573e897de62e65c7829bb9b3b460017d670c,"[{""datasetId"":""lpi-2026-endpoints"",""datasetVersion"":""WWF-UK release 2026-10-08; rounded endpoint summary"",""sourceId"":""wwf-lpr-2026"",""sourceUrl"":""https://www.wwf.org.uk/press-release/living-planet-report-2026"",""sourceDate"":""2026-10-08"",""sourceEdition"":""LPR 2026"",""accessedDate"":""2026-10-08"",""inputPath"":""data/raw/observations.csv"",""inputSha256"":""46f1d9c5c74c3384191c5d0a056f651a95bb6eb620c0389782582fd377b4dfb4"",""rowNumber"":9,""jsonPointer"":null,""locator"":""Notes to editors: regional and ecosystem results"",""originalUnit"":""percent"",""originalValue"":""-59"",""originalUncertainty"":null,""rawRecord"":{""ecosystem"":""Marine"",""edition"":""LPR 2026"",""geography"":""Global"",""id"":""lpi-2026-marine"",""lastVerified"":""2026-10-08"",""measure"":""index-percent-change"",""method"":""Published rounded endpoint change; not an annual observation or animal count."",""period"":""{\""startYear\"": 1970, \""endYear\"": 2022}"",""redistribution"":""review-required"",""seriesId"":""lpi-2026-marine"",""sourceIds"":""[\""wwf-lpr-2026\""]"",""sourceLocator"":""Notes to editors: regional and ecosystem results"",""taxon"":""Monitored vertebrates"",""uncertainty"":""null"",""unit"":""percent"",""value"":""-59""},""transformations"":[""Whitespace/NFC normalization; original row retained""]}]"
lpi-2026-north-america-1970-2022,lpi-2026-endpoints,WWF-UK release 2026-10-08; rounded endpoint summary,LPR 2026,lpi-2026-north-america,region,North America,All,Monitored vertebrates,index-percent-change,percent,1970,1970,2022,-28,,,,,No bounds supplied in source,,2026-10-08,2026-10-08,2026-10-08,percent,-28,,CC-BY-SA-4.0,https://creativecommons.org/licenses/by-sa/4.0/,"ZSL/WWF, Living Planet Index; source edition and retrieval date; Our World in Data processing where applicable.",36b87bf96cf579f6bcf5e9b97157573e897de62e65c7829bb9b3b460017d670c,"[{""datasetId"":""lpi-2026-endpoints"",""datasetVersion"":""WWF-UK release 2026-10-08; rounded endpoint summary"",""sourceId"":""wwf-lpr-2026"",""sourceUrl"":""https://www.wwf.org.uk/press-release/living-planet-report-2026"",""sourceDate"":""2026-10-08"",""sourceEdition"":""LPR 2026"",""accessedDate"":""2026-10-08"",""inputPath"":""data/raw/observations.csv"",""inputSha256"":""46f1d9c5c74c3384191c5d0a056f651a95bb6eb620c0389782582fd377b4dfb4"",""rowNumber"":5,""jsonPointer"":null,""locator"":""Notes to editors: regional and ecosystem results"",""originalUnit"":""percent"",""originalValue"":""-28"",""originalUncertainty"":null,""rawRecord"":{""ecosystem"":""All"",""edition"":""LPR 2026"",""geography"":""North America"",""id"":""lpi-2026-north-america"",""lastVerified"":""2026-10-08"",""measure"":""index-percent-change"",""method"":""Published rounded endpoint change; not an annual observation or animal count."",""period"":""{\""startYear\"": 1970, \""endYear\"": 2022}"",""redistribution"":""review-required"",""seriesId"":""lpi-2026-north-america"",""sourceIds"":""[\""wwf-lpr-2026\""]"",""sourceLocator"":""Notes to editors: regional and ecosystem results"",""taxon"":""Monitored vertebrates"",""uncertainty"":""null"",""unit"":""percent"",""value"":""-28""},""transformations"":[""Whitespace/NFC normalization; original row retained""]}]"
lpi-2026-terrestrial-1970-2022,lpi-2026-endpoints,WWF-UK release 2026-10-08; rounded endpoint summary,LPR 2026,lpi-2026-terrestrial,ecosystem,Global,Terrestrial,Monitored vertebrates,index-percent-change,percent,1970,1970,2022,-69,,,,,No bounds supplied in source,,2026-10-08,2026-10-08,2026-10-08,percent,-69,,CC-BY-SA-4.0,https://creativecommons.org/licenses/by-sa/4.0/,"ZSL/WWF, Living Planet Index; source edition and retrieval date; Our World in Data processing where applicable.",36b87bf96cf579f6bcf5e9b97157573e897de62e65c7829bb9b3b460017d670c,"[{""datasetId"":""lpi-2026-endpoints"",""datasetVersion"":""WWF-UK release 2026-10-08; rounded endpoint summary"",""sourceId"":""wwf-lpr-2026"",""sourceUrl"":""https://www.wwf.org.uk/press-release/living-planet-report-2026"",""sourceDate"":""2026-10-08"",""sourceEdition"":""LPR 2026"",""accessedDate"":""2026-10-08"",""inputPath"":""data/raw/observations.csv"",""inputSha256"":""46f1d9c5c74c3384191c5d0a056f651a95bb6eb620c0389782582fd377b4dfb4"",""rowNumber"":8,""jsonPointer"":null,""locator"":""Notes to editors: regional and ecosystem results"",""originalUnit"":""percent"",""originalValue"":""-69"",""originalUncertainty"":null,""rawRecord"":{""ecosystem"":""Terrestrial"",""edition"":""LPR 2026"",""geography"":""Global"",""id"":""lpi-2026-terrestrial"",""lastVerified"":""2026-10-08"",""measure"":""index-percent-change"",""method"":""Published rounded endpoint change; not an annual observation or animal count."",""period"":""{\""startYear\"": 1970, \""endYear\"": 2022}"",""redistribution"":""review-required"",""seriesId"":""lpi-2026-terrestrial"",""sourceIds"":""[\""wwf-lpr-2026\""]"",""sourceLocator"":""Notes to editors: regional and ecosystem results"",""taxon"":""Monitored vertebrates"",""uncertainty"":""null"",""unit"":""percent"",""value"":""-69""},""transformations"":[""Whitespace/NFC normalization; original row retained""]}]"
