id,seriesId,measure,value,unit,period,geography,ecosystem,taxon,edition,uncertainty,sourceIds,sourceLocator,method,lastVerified,redistribution
lpi-2026-global,lpi-2026-global,index-percent-change,-73,percent,"{""startYear"": 1970, ""endYear"": 2022}",Global,All,Monitored vertebrates,LPR 2026,null,"[""wwf-lpr-2026""]",Notes to editors: regional and ecosystem results,Published rounded endpoint change; not an annual observation or animal count.,2026-10-08,review-required
lpi-2026-latin-america-caribbean,lpi-2026-latin-america-caribbean,index-percent-change,-95,percent,"{""startYear"": 1970, ""endYear"": 2022}",Latin America and Caribbean,All,Monitored vertebrates,LPR 2026,null,"[""wwf-lpr-2026""]",Notes to editors: regional and ecosystem results,Published rounded endpoint change; not an annual observation or animal count.,2026-10-08,review-required
lpi-2026-africa,lpi-2026-africa,index-percent-change,-80,percent,"{""startYear"": 1970, ""endYear"": 2022}",Africa,All,Monitored vertebrates,LPR 2026,null,"[""wwf-lpr-2026""]",Notes to editors: regional and ecosystem results,Published rounded endpoint change; not an annual observation or animal count.,2026-10-08,review-required
lpi-2026-asia-pacific,lpi-2026-asia-pacific,index-percent-change,-49,percent,"{""startYear"": 1970, ""endYear"": 2022}",Asia–Pacific,All,Monitored vertebrates,LPR 2026,null,"[""wwf-lpr-2026""]",Notes to editors: regional and ecosystem results,Published rounded endpoint change; not an annual observation or animal count.,2026-10-08,review-required
lpi-2026-north-america,lpi-2026-north-america,index-percent-change,-28,percent,"{""startYear"": 1970, ""endYear"": 2022}",North America,All,Monitored vertebrates,LPR 2026,null,"[""wwf-lpr-2026""]",Notes to editors: regional and ecosystem results,Published rounded endpoint change; not an annual observation or animal count.,2026-10-08,review-required
lpi-2026-europe-central-asia,lpi-2026-europe-central-asia,index-percent-change,-23,percent,"{""startYear"": 1970, ""endYear"": 2022}",Europe and Central Asia,All,Monitored vertebrates,LPR 2026,null,"[""wwf-lpr-2026""]",Notes to editors: regional and ecosystem results,Published rounded endpoint change; not an annual observation or animal count.,2026-10-08,review-required
lpi-2026-freshwater,lpi-2026-freshwater,index-percent-change,-85,percent,"{""startYear"": 1970, ""endYear"": 2022}",Global,Freshwater,Monitored vertebrates,LPR 2026,null,"[""wwf-lpr-2026""]",Notes to editors: regional and ecosystem results,Published rounded endpoint change; not an annual observation or animal count.,2026-10-08,review-required
lpi-2026-terrestrial,lpi-2026-terrestrial,index-percent-change,-69,percent,"{""startYear"": 1970, ""endYear"": 2022}",Global,Terrestrial,Monitored vertebrates,LPR 2026,null,"[""wwf-lpr-2026""]",Notes to editors: regional and ecosystem results,Published rounded endpoint change; not an annual observation or animal count.,2026-10-08,review-required
lpi-2026-marine,lpi-2026-marine,index-percent-change,-59,percent,"{""startYear"": 1970, ""endYear"": 2022}",Global,Marine,Monitored vertebrates,LPR 2026,null,"[""wwf-lpr-2026""]",Notes to editors: regional and ecosystem results,Published rounded endpoint change; not an annual observation or animal count.,2026-10-08,review-required
